,fname,text
0,https:  paradiser.at recipe user 67.txt,"https:  paradiser.at recipe user 67.txt. Paradiser-Kochbox 67. Spargelcremesuppe Vegetarisch Die Spargelcremesuppe schmeckt zart und cremig. Das Rezept bereitet allen Feinschmeckern eine Freude und gelingt garantiert. Haltbarkeit: 5 Tage Schongaren Kochanleitung Nährwerte Allergene Zutaten Mit der Spargelmischung im Schongarer starten Wasser hinzufügen (Single: 0.8 L, Medium: 1.5 L, Family: 2.3 L) Gewürzmischung hinzufügen Auf Low 6 Stunden oder auf High 3 Stunden kochen lassen Vor dem Ende Brötchen aufbacken Nach belieben pürieren und mit Brötchen und Croutons genießen Mit der Spargelmischung in einem großen Topf starten Wasser hinzufügen (Single: 0.8 L, Medium: 1.5 L, Family: 2.3 L) Gewürzmischung hinzufügen und kräftig durchrühren Einmal aufkochen lassen und dann etwa 20-30 Minuten köcheln lassen Vor dem Ende Brötchen aufbacken Nach belieben pürieren und mit Brötchen und Croutons genießen Kalorien: 658 kCal Fett: 39,7 g Kohlenhydrate: 52,8 g Zucker: 6,8 g Protein: 13,2 g Cholesterin: 134,0 mg Sodium: 389,0 mg L - Sellerie G - Milch von Säugetieren A - Gluten Spargel (weiß) Zwiebel (weiß) Gemüsebrühe Butter Salz Pfeffer Muskatnuss Schnittlauch (trocken) Brötchen (zum Fertigbacken) Croutons (zwiebel Knoblauch) Weißwein Schlagobers Helle Roux Rezeptbewertungen im Überblick × Sieh dir auch unsere Google Rezesionen an. Bleib' am Laufenden mit unserem Newsletter: Einfach paradiesisch kochen - Dank den ParadiseR-Kochboxen mit abwechslungsreichen Gerichten & einfachen Kochanleitungen. Abo Registrieren Anmelden Gerichte ansehen Über Uns Unsere Story Kontaktiere uns Unsere Reviews Impressum Mehr FAQs © ParadiseR Cooking OG, 2022, designed by Zeta gastro Datenschutzerklärung AGB Kontakt Bekannt aus:"
1,https:  paradiser.at impressum.txt,"https:  paradiser.at impressum.txt. Paradiser-Kochbox Gerichte ansehen Gerichte ansehen Anmelden Anmelden Gerichte ansehen Gerichte ansehen Anmelden Deine Bestellung × Zwischensumme Noch bis Gratisversand! Gesamt (inkl. MwSt) Wird am mit der Post CO2 Neutral geliefert. Zur Kassa Weiter Einkaufen Diese Gerichte bereitest du am Besten mit einem Schongarer zu. So bleiben mehr Nährstoffe erhalten. Aber natürlich kannst du sie auch gerne ganz normal wie gewohnt kochen. Du bekommst die Anleitungen für beide Möglichkeiten! ParadiseR - Impressum ParadiseR Cooking OG Offene Gesellschaft Kochboxlieferservice - Lebensmittelhandel UID-Nr: ATU77889028 FN: 573714 y FB-Gericht: Landesgericht Wiener Neustadt Sitz: 2340 Mödling, NÖ Gabrieler Straße 4/4 Austria E-Mail: hello@paradiser.at Tel: +436607707461 Mitglied der WKÖ Gewerbeordnung: https://ris.bka.gv.at/ Bezirkshauptmannschaft Mödling Online-Streitbeilegung: Die europäische Kommission unterhält unter der Internetadresse https://webgate.ec.europa.eu/odr/main/index.cfm?event=main.home.show&lng=DE eine Plattform zur Online-Streitbeilegung. Diese stellt eine zentrale Anlaufstelle für Verbraucher und Unternehmer dar, die Streitigkeiten, zum Beispiel im Zusammenhang mit einem Online-Kaufvertrag, außergerichtlich beilegen möchten. Die Teilnahme an der Online-Streitbeilegung ist freiwillig. Die ParadiseR Cooking OG nimmt an der genannten Online-Streitbeilegung nicht teil. Urheberrecht: Die Inhalte dieser Webseite unterliegen, soweit dies rechtlich möglich ist, diversen Schutzrechten (z.B dem Urheberrecht). Jegliche Verwendung/Verbreitung von bereitgestelltem Material, welche urheberrechtlich untersagt ist, bedarf schriftlicher Zustimmung des Webseitenbetreibers. Haftungsausschluss: Trotz sorgfältiger inhaltlicher Kontrolle übernimmt der Webseitenbetreiber dieser Webseite keine Haftung für die Inhalte externer Links. Für den Inhalt der verlinkten Seiten sind ausschließlich deren Betreiber verantwortlich. Sollten Sie dennoch auf ausgehende Links aufmerksam werden, welche auf eine Webseite mit rechtswidriger Tätigkeit/Information verweisen, ersuchen wir um dementsprechenden Hinweis, um diese nach § 17 Abs. 2 ECG umgehend zu entfernen.Die Urheberrechte Dritter werden vom Betreiber dieser Webseite mit größter Sorgfalt beachtet. Sollten Sie trotzdem auf eine Urheberrechtsverletzung aufmerksam werden, bitten wir um einen entsprechenden Hinweis. Bei Bekanntwerden derartiger Rechtsverletzungen werden wir den betroffenen Inhalt umgehend entfernen. Rezeptbewertungen im Überblick × Sieh dir auch unsere Google Rezesionen an. Bleib' am Laufenden mit unserem Newsletter: Einfach paradiesisch kochen - Dank den ParadiseR-Kochboxen mit abwechslungsreichen Gerichten & einfachen Kochanleitungen. Abo Registrieren Anmelden Gerichte ansehen Über Uns Unsere Story Kontaktiere uns Unsere Reviews Impressum Mehr FAQs © ParadiseR Cooking OG, 2022, designed by Zeta gastro Datenschutzerklärung AGB Kontakt Bekannt aus:"
2,https:  paradiser.at abo menu.txt,"https:  paradiser.at abo menu.txt. Paradiser-Kochbox Gerichte ansehen Gerichte ansehen Anmelden Anmelden Gerichte ansehen Gerichte ansehen Anmelden Deine Bestellung × Zwischensumme Noch bis Gratisversand! Gesamt (inkl. MwSt) Wird am mit der Post CO2 Neutral geliefert. Zur Kassa Weiter Einkaufen Diese Gerichte bereitest du am Besten mit einem Schongarer zu. So bleiben mehr Nährstoffe erhalten. Aber natürlich kannst du sie auch gerne ganz normal wie gewohnt kochen. Du bekommst die Anleitungen für beide Möglichkeiten! Jede Woche neue und frische Gerichte Als ParadiseR wird abwechslungsreiches & ausgewogenes Kochen zum Kinderspiel! Wöchentlich direkt zu dir geliefert Jederzeit pausierbar/kündbar Freie Rezeptauswahl Wie funktioniert's? 1. Wähle deine Gerichte aus Einmal die Woche suchst du dir aus unserer abwechslungsreichen Auswahl deine Lieblingsgerichte aus. 2. Erhalte deine Lieferung Zum gewählten Lieferzeitpunkt erhältst du deine paradiesische Kochbox - gefüllt mit frischen Zutaten & kinderleichten Kochanleitungen. 3. Starte den Schongarer Du gibst die frischen Zutaten rein und stellst die gewünschte Zeit ein - und voilà - in weniger als 5 Minuten ist alles erledigt. 4. Genieße & Entspanne Alles, was du dann noch tun musst: Frisch gekocht schmausen, wann immer es dir passt! Abo-Preise ansehen Unsere abwechslungsreichen Gerichte Klassisch Exotisch Vegetarisch Fleisch Kindermenü Mehr entdecken Next Week Special: Pulled Pork Paradiesisch einfach kochen. Frisch und abwechslungsreich. 205 Review(s) Single Medium Family 6 Mahlzeiten für 10,33€ pro Teller Preis pro Box: 66,0€ 3 Gerichte zu je 2 Portionen /pro Woche Details + Damit das Kochen auch wirklich paradiesisch einfach ist, empfehlen wir dir den Kauf eines Slow Cookers. Alle unsere Rezepte können jedoch auch ohne einen solchen gekocht werden. Das Abo ist Ganz ohne Bindung! Weil wir sicher sind, dass du vom der ParadiseR-Kochbox begeistert sein wirst. Du kannst auch die Größe deine Kochbox für die nächsten Bestellungen immer wieder anpassen und flexibel pausieren und kündigen. Paradiesisch einfach eben! Lieferung + Du erhältst deine erste Lieferung am . Damit nicht nur deine Gesundheit, sondern auch die Umwelt geschont wird, liefern wir CO2-neutral. Jetzt kannst du überall in Österreich auf den Geschmack deiner ParadiseR-Kochbox kommen! Abo jederzeit kündbar Jetzt bestellen 8 Mahlzeiten für 8,25€ pro Teller Preis pro Box: 70,0€ 2 Gerichte zu je 4 Portionen /pro Woche Details + Damit das Kochen auch wirklich paradiesisch einfach ist, empfehlen wir dir den Kauf eines Slow Cookers. Alle unsere Rezepte können jedoch auch ohne einen solchen gekocht werden. Das Abo ist Ganz ohne Bindung! Weil wir sicher sind, dass du vom der ParadiseR-Kochbox begeistert sein wirst. Du kannst auch die Größe deine Kochbox für die nächsten Bestellungen immer wieder anpassen und flexibel pausieren und kündigen. Paradiesisch einfach eben! Lieferung + Du erhältst deine erste Lieferung am . Damit nicht nur deine Gesundheit, sondern auch die Umwelt geschont wird, liefern wir CO2-neutral. Jetzt kannst du überall in Österreich auf den Geschmack deiner ParadiseR-Kochbox kommen! Abo jederzeit kündbar Jetzt bestellen 12 Mahlzeiten für 7,25€ pro Teller Preis pro Box: 91,0€ 2 Gerichte zu je 6 Portionen /pro Woche Details + Damit das Kochen auch wirklich paradiesisch einfach ist, empfehlen wir dir den Kauf eines Slow Cookers. Alle unsere Rezepte können jedoch auch ohne einen solchen gekocht werden. Das Abo ist Ganz ohne Bindung! Weil wir sicher sind, dass du vom der ParadiseR-Kochbox begeistert sein wirst. Du kannst auch die Größe deine Kochbox für die nächsten Bestellungen immer wieder anpassen und flexibel pausieren und kündigen. Paradiesisch einfach eben! Lieferung + Du erhältst deine erste Lieferung am . Damit nicht nur deine Gesundheit, sondern auch die Umwelt geschont wird, liefern wir CO2-neutral. Jetzt kannst du überall in Österreich auf den Geschmack deiner ParadiseR-Kochbox kommen! Abo jederzeit kündbar Jetzt bestellen Wöchentlich direkt zu dir geliefert Jederzeit pausierbar/kündbar Freie Rezeptauswahl Zurück zum Shop ... ... × ... Abbrechen Zur Bezahlung Rezeptbewertungen im Überblick × Sieh dir auch unsere Google Rezesionen an. Bleib' am Laufenden mit unserem Newsletter: Einfach paradiesisch kochen - Dank den ParadiseR-Kochboxen mit abwechslungsreichen Gerichten & einfachen Kochanleitungen. Abo Registrieren Anmelden Gerichte ansehen Über Uns Unsere Story Kontaktiere uns Unsere Reviews Impressum Mehr FAQs © ParadiseR Cooking OG, 2022, designed by Zeta gastro Datenschutzerklärung AGB Kontakt Bekannt aus:"
3,https:  paradiser.at abo help.txt,"https:  paradiser.at abo help.txt. Paradiser-Kochbox Gerichte ansehen Gerichte ansehen Anmelden Anmelden Gerichte ansehen Gerichte ansehen Anmelden Deine Bestellung × Zwischensumme Noch bis Gratisversand! Gesamt (inkl. MwSt) Wird am mit der Post CO2 Neutral geliefert. Zur Kassa Weiter Einkaufen Diese Gerichte bereitest du am Besten mit einem Schongarer zu. So bleiben mehr Nährstoffe erhalten. Aber natürlich kannst du sie auch gerne ganz normal wie gewohnt kochen. Du bekommst die Anleitungen für beide Möglichkeiten! Kontakt Wir freuen uns darauf, von dir zu hören! Ich hab die AGBs gelesen und akzeptiere diese, außerdem erkläre mich damit einverstanden, dass meine notwendigen Daten, solange ich ParadiseR Kunde bin, gespeichert und verarbeitet werden! Siehe: Datenschutzerklärung Kontaktdaten Telefonnummer: +436607707461 E-Mail: hello@paradiser.at Rezeptbewertungen im Überblick × Sieh dir auch unsere Google Rezesionen an. Bleib' am Laufenden mit unserem Newsletter: Einfach paradiesisch kochen - Dank den ParadiseR-Kochboxen mit abwechslungsreichen Gerichten & einfachen Kochanleitungen. Abo Registrieren Anmelden Gerichte ansehen Über Uns Unsere Story Kontaktiere uns Unsere Reviews Impressum Mehr FAQs © ParadiseR Cooking OG, 2022, designed by Zeta gastro Datenschutzerklärung AGB Kontakt Bekannt aus:"
4,https:  paradiser.at recipe user 48.txt,"https:  paradiser.at recipe user 48.txt. Paradiser-Kochbox 48. Schweinsbraten Fleischgericht Eines der klassischen Gerichte der österreichischen Küche, der Schweinsbraten, wird mit Semmelknödel und mit dem eigenen Bratensaft serviert. Einfach gut! Haltbarkeit: 2 Tage Schongaren Kochanleitung Nährwerte Allergene Zutaten Das Fleisch auf den Zwiebeln im Slow Cooker platzieren Kochzeit in Stunden einstellen und zugedeckt starten (Single=6(L)/3(H), Medium=7(L)/3(H), Family=7(L)/3(H)) Vor dem Ende Ofen einschalten (Ideal ""Grillen"" - 220°) Gesalzenes Wasser für die Knödel kurz zum Kochen bringen Das Fleisch auf mittlerer Ebene in den Ofen schieben und für 10-30 Minuten grillen (je nach gewünschter Bräunung) Währenddessen die Knödel wenn nötig neu formen und für 15 Minuten im heißen Wasser köcheln lassen (Tipp: nicht direkt in das kochende Wasser geben - zuerst die Hitze reduzieren) Die Zwiebel und den entstandenen Saft im Slow Cooker pürieren und alles gemeinsam servieren Legen Sie den Braten in eine Bratpfanne mit einem Bratrost. Braten Sie 15 Minuten auf 230 C Reduzieren Sie dann die Hitze auf 170 C und braten Sie 2 weitere Stunden. Zwiebeln 45 Minuten vor Ende hinzufügen Gesalzenes Wasser für die Knödel kurz zum Kochen bringen Die Knödel wenn nötig neu formen und für 15 Minuten im heißen Wasser köcheln lassen (Tipp: nicht direkt in das kochende Wasser geben - zuerst die Hitze reduzieren) Die Zwiebel und den entstandenen Saft in der Bratpfanne pürieren und alles gemeinsam servieren Kalorien: 1122 kCal Fett: 61,9 g Kohlenhydrate: 69,2 g Zucker: 9,3 g Protein: 54,0 g Cholesterin: 247,0 mg Sodium: 1959,0 mg M - Senf C - Eier von Geflügel L - Sellerie G - Milch von Säugetieren A - Gluten Zwiebel (weiß) Salz Pfeffer Rinderbrühe Bier Senf Schopfbraten Semmelknödel Rezeptbewertungen im Überblick × Sieh dir auch unsere Google Rezesionen an. Bleib' am Laufenden mit unserem Newsletter: Einfach paradiesisch kochen - Dank den ParadiseR-Kochboxen mit abwechslungsreichen Gerichten & einfachen Kochanleitungen. Abo Registrieren Anmelden Gerichte ansehen Über Uns Unsere Story Kontaktiere uns Unsere Reviews Impressum Mehr FAQs © ParadiseR Cooking OG, 2022, designed by Zeta gastro Datenschutzerklärung AGB Kontakt Bekannt aus:"
5,https:  paradiser.at recipe user 4.txt,"https:  paradiser.at recipe user 4.txt. Paradiser-Kochbox 4. Rote-Linsen-Curry Vegan Dieses cremige, vegane Curry enthält eine großzügige Portion Süßkartoffeln, und dank der Zugabe von kühlender Kokosmilch sind die indischen Gewürze gut ausbalanciert und sorgen für eine warme, aber nicht übermächtige Schärfe. Haltbarkeit: 5 Tage Schongaren Kochanleitung Nährwerte Allergene Zutaten Mit der Süßkartoffelmischung und der Gewürzmischung (Rote Soße) im Schongarer starten Mit Wasser aufgießen (Single=0.7L, Medium=1.25L, Family=1.9L) Gut durchmischen! Kochzeit in Stunden einstellen und zugedeckt starten (Single=5.5(L)/2.5(H), Medium=7(L)/3.5(H), Family=7(L)/3.5(H)) Vor dem Ende den Reis kochen (Wassermenge: Single=400 ml, Medium=750 ml, Family=1.1 L) und Kokosmilch nach belieben einrühren (Single=0.5 Dosen, Medium=1 Dose, Family=1.5 Dosen) Curry auf Reis servieren und genießen. Mit der Süßkartoffelmischung und der Gewürzmischung (Rote Soße) im Topf starten Mit Wasser aufgießen (Single=0.7L, Medium=1.25L, Family=1.9L) Gut durchmischen! Im kochenden wasser 10-15 Minuten kochen, bis die Linsen sehr weich sind. Reis kochen und Kokosmilch nach belieben einrühren (Single=0.5 Dosen, Medium=1 Dose, Family=1.5 Dosen) Curry auf Reis servieren und genießen. Kalorien: 552 kCal Fett: 14,3 g Kohlenhydrate: 81,1 g Zucker: 8,7 g Protein: 22,0 g Cholesterin: 0,0 mg Sodium: 227,8 mg L - Sellerie A - Gluten Rote Linsen Rote Currypaste Tomatenmark Kokosmilch Jasminreis Zwiebel (weiß) Süßkartoffel Ingwer (gemahlen) Garam Masala Hühnerbrühe Knoblauchgranulat Brauner Zucker Salz Kurkuma Rezeptbewertungen im Überblick × Sieh dir auch unsere Google Rezesionen an. Bleib' am Laufenden mit unserem Newsletter: Einfach paradiesisch kochen - Dank den ParadiseR-Kochboxen mit abwechslungsreichen Gerichten & einfachen Kochanleitungen. Abo Registrieren Anmelden Gerichte ansehen Über Uns Unsere Story Kontaktiere uns Unsere Reviews Impressum Mehr FAQs © ParadiseR Cooking OG, 2022, designed by Zeta gastro Datenschutzerklärung AGB Kontakt Bekannt aus:"
6,https:  paradiser.at login.txt,"https:  paradiser.at login.txt. Paradiser-Kochbox Gerichte ansehen Gerichte ansehen Anmelden Anmelden Gerichte ansehen Gerichte ansehen Anmelden Deine Bestellung × Zwischensumme Noch bis Gratisversand! Gesamt (inkl. MwSt) Wird am mit der Post CO2 Neutral geliefert. Zur Kassa Weiter Einkaufen Diese Gerichte bereitest du am Besten mit einem Schongarer zu. So bleiben mehr Nährstoffe erhalten. Aber natürlich kannst du sie auch gerne ganz normal wie gewohnt kochen. Du bekommst die Anleitungen für beide Möglichkeiten! Willkommen zurück bei ParadiseR Anmelden Passwort vergessen? Rezeptbewertungen im Überblick × Sieh dir auch unsere Google Rezesionen an. Bleib' am Laufenden mit unserem Newsletter: Einfach paradiesisch kochen - Dank den ParadiseR-Kochboxen mit abwechslungsreichen Gerichten & einfachen Kochanleitungen. Abo Registrieren Anmelden Gerichte ansehen Über Uns Unsere Story Kontaktiere uns Unsere Reviews Impressum Mehr FAQs © ParadiseR Cooking OG, 2022, designed by Zeta gastro Datenschutzerklärung AGB Kontakt Bekannt aus:"
7,https:  paradiser.at shop index.txt,"https:  paradiser.at shop index.txt. Paradiser-Kochbox Lieferung ab 70 € gratis | Versand in ganz Österreich Gerichte ansehen Gerichte ansehen Anmelden Anmelden Gerichte ansehen Gerichte ansehen Anmelden Deine Bestellung × Zwischensumme Noch bis Gratisversand! Gesamt (inkl. MwSt) Wird am 09.05.2023 mit der Post CO2 Neutral geliefert. Zur Kassa Weiter Einkaufen Diese Gerichte bereitest du am Besten mit einem Schongarer zu. So bleiben mehr Nährstoffe erhalten. Aber natürlich kannst du sie auch gerne ganz normal wie gewohnt kochen. Du bekommst die Anleitungen für beide Möglichkeiten! Abwechslungsreiche Kochboxen Ohne Aufwand frischgekocht Jetzt bestellen „Paradiesisch einfach kochen. Einfach paradiesisch kochen. Das wollen wir dir mit der ParadiseR-Kochbox ermöglichen. Alles, was du dafür brauchst, bringen wir dir frisch an die Haustür.“ Daniel & Juan (Gründer von ParadiseR - der Kochbox aus Österreich) Lieblingsgerichte Schweinsbraten Klassisch Fleisch 10,99€ Zum Warenkorb hinzugefügt Spargelcremesuppe Klassisch Vegetarisch 8,99€ Zum Warenkorb hinzugefügt Butter Chicken Exotisch Fleisch 11,99€ Zum Warenkorb hinzugefügt Rote-Linsen-Curry Exotisch Vegetarisch 10,99€ Zum Warenkorb hinzugefügt Gerichte ansehen Lieblingsgerichte Schweinsbraten Klassisch Fleisch 10,99€ Zum Warenkorb hinzugefügt Spargelcremesuppe Klassisch Vegetarisch 8,99€ Zum Warenkorb hinzugefügt Butter Chicken Exotisch Fleisch 11,99€ Zum Warenkorb hinzugefügt Rote-Linsen-Curry Exotisch Vegetarisch 10,99€ Zum Warenkorb hinzugefügt Wie funktioniert's? 1. Fix-fertig vorbereitete Zutaten Wir bereiten alles für dich vor, was du zum Fertigkochen brauchst - du bekommst alles gewaschen, geschnitten & abgepackt*. *alle unsere Verpackungen sind recycelbar. 2. Direkt zu dir nach Hause geliefert Du wählst deine Lieblingsgerichte aus. Deine Kochbox senden wir dir CO2-neutral direkt vor die Haustür. 3. Einfache Kochanleitungen* In max. 5 Arbeitsschritten hast du dein Gourmetgericht fertig! *für Zubereitung im Schongarer oder mit Küchenutensilien, die du bereits zuhause hast (Pfannen, Töpfe). In der Früh einfach schnell die Zutaten in den Slow Cooker geben, einschalten und beim Heimkommen genießen - ich lieb‘s! S. Roessner Geschmacklich wirklich ein Traum A. Hueber Die Kochboxen von Paradiser erleichtern den Alltag ungemein! L. Dirr Super gute Mahlzeiten. Preis/Leistung ist Top A. Wallner Ein geniales Konzept, das mich begeistert! Kein Einkaufen, kein Kochen, ein enormes Zeitersparnis! 100% weiter zu empfehlen!!! B. Pfeiffer Gleich bestellen und liefern lassen! Weiß-grünes Spargelrisotto Klassisch Vegetarisch 8,99€ Zum Warenkorb hinzugefügt Pulled Pork Fleisch 11,99€ Zum Warenkorb hinzugefügt Gemüsebolognese Klassisch Vegetarisch 8,99€ Zum Warenkorb hinzugefügt Parmesan-Hühnchen Klassisch Fleisch 10,99€ Zum Warenkorb hinzugefügt Schweinsbraten Klassisch Fleisch 10,99€ Zum Warenkorb hinzugefügt Spargelcremesuppe Klassisch Vegetarisch 8,99€ Zum Warenkorb hinzugefügt Butter Chicken Exotisch Fleisch 11,99€ Zum Warenkorb hinzugefügt Rote-Linsen-Curry Exotisch Vegetarisch 10,99€ Zum Warenkorb hinzugefügt Gleich bestellen und liefern lassen! Weiß-grünes Spargelrisotto Klassisch Vegetarisch 8,99€ Zum Warenkorb hinzugefügt Pulled Pork Fleisch 11,99€ Zum Warenkorb hinzugefügt Gemüsebolognese Klassisch Vegetarisch 8,99€ Zum Warenkorb hinzugefügt Parmesan-Hühnchen Klassisch Fleisch 10,99€ Zum Warenkorb hinzugefügt Schweinsbraten Klassisch Fleisch 10,99€ Zum Warenkorb hinzugefügt Spargelcremesuppe Klassisch Vegetarisch 8,99€ Zum Warenkorb hinzugefügt Butter Chicken Exotisch Fleisch 11,99€ Zum Warenkorb hinzugefügt Rote-Linsen-Curry Exotisch Vegetarisch 10,99€ Zum Warenkorb hinzugefügt Kennst du schon unser Abo-Modell? Wöchentlich direkt zu dir geliefert Jederzeit pausierbar/kündbar Freie Rezeptauswahl Abomodell entdecken Rezeptbewertungen im Überblick × 5 67% 4 22% 3 8% 2 0% 1 0% Sieh dir auch unsere Google Rezesionen an. Bleib' am Laufenden mit unserem Newsletter: Einfach paradiesisch kochen - Dank den ParadiseR-Kochboxen mit abwechslungsreichen Gerichten & einfachen Kochanleitungen. Abo Registrieren Anmelden Gerichte ansehen Über Uns Unsere Story Kontaktiere uns Unsere Reviews Impressum Mehr FAQs © ParadiseR Cooking OG, 2022, designed by Zeta gastro Datenschutzerklärung AGB Kontakt Bekannt aus: 15€ Start Rabatt:PARADISER23 Rezeptbewertungen im Überblick × 5 67% 4 22% 3 8% 2 0% 1 0% Sieh dir auch unsere Google Rezesionen an."
8,https:  paradiser.at about us.txt,"https:  paradiser.at about us.txt. Paradiser-Kochbox Gerichte ansehen Gerichte ansehen Anmelden Anmelden Gerichte ansehen Gerichte ansehen Anmelden Deine Bestellung × Zwischensumme Noch bis Gratisversand! Gesamt (inkl. MwSt) Wird am mit der Post CO2 Neutral geliefert. Zur Kassa Weiter Einkaufen Diese Gerichte bereitest du am Besten mit einem Schongarer zu. So bleiben mehr Nährstoffe erhalten. Aber natürlich kannst du sie auch gerne ganz normal wie gewohnt kochen. Du bekommst die Anleitungen für beide Möglichkeiten! Hi, wir sind Juan und Daniel von ParadiseR. Ein junges dynamisches Team, mit dem Ziel die Welt ein bisschen einfacher zu machen. In den vergangen Jahren haben wir selbst erlebt, dass es oft schwierig ist, nach einem harten Arbeitstag auch noch auf seine Ernährung, geschweige denn die Umwelt zu achten. Mit ParadiseR wollen wir den Menschen einen großen Teil dieser Bürde abnehmen und ihnen dabei helfen, sich selbst und die Umwelt zu schonen. Wir wollen nicht nur, dass unser Paradies auch ein Paradies bleibt, wir wollen auch, dass unsere Kunden dieses Paradies in vollen Zügen genießen können! Denn was bringt das schönste Paradies, wenn man keine Zeit oder Energie dafür hat es zu genießen? Aus genau diesem Grund haben wir ParadiseR gegründet. Wir sind der Meinung, dass gutes und gesundes Essen nicht aufwendig oder schädlich für die Umwelt sein sollte! Mehr genießen & weniger kochen! Juan Mejia Andere Kulturen zu entdecken war schon immer ein wichtiger Teil meines Lebens. Ich habe in Kolumbien, Schweden, den Vereinigten Staaten, Kanada und Österreich gelebt, wodurch ich die einmalige Chance hatte, verschiedene Kulturen und ihre Gerichte kennenzulernen. Außerdem bin ich viel gereist, was mir ermöglichte, meinen kulinarischen Horizont zu erweitern. Ich liebe gutes Essen und effiziente Lösungen. Als Ingenieur bin ich immer auf der Suche nach Möglichkeiten, das Leben der Menschen durch Technologie zu verbessern. Ich benutze seit 15 Jahren einen Schongarer und habe viele Rezepte dafür entwickelt. Ich liebe die Unkompliziertheit, ihn morgens einzuschalten und zu wissen, dass ein warmes Essen auf mich wartet, wenn ich abends nach Hause komme. Mit ParadiseR hoffe ich, die Zubereitung von gutem Essen zu Hause zu vereinfachen und Dir einige der fantastischen Gerichte, die ich kennen und lieben gelernt habe, nach Hause zu bringen. Daniel Matejcek Wenn ich nicht gerade dabei bin, dass Paradies ein bisschen paradisischer zu machen spiele ich gerne American Football oder unterstütze die lokale Freiwillige Feuerwehr dabei die Nachbarschaft ein bisschen sicherer und angenehmer zu machen. Außerdem Reise ich gerne, und auf diesen Reisen habe ich sehr großen Wert auf die Kulinarik des jeweiligen Landes gelegt und konnte das ein odere andere exotische Gericht direkt im Herkunftsland kennen und kochen lernen. Mit ParadiseR möchte ich Dir dabei helfen, dass du wieder mehr Zeit mit den Dingen verbringen kannst die dir wirklich Spaß machen, und deine gesunde, umweltschonende Ernährung dabei zur einfachen Nebensache wird. Rezeptbewertungen im Überblick × Sieh dir auch unsere Google Rezesionen an. Bleib' am Laufenden mit unserem Newsletter: Einfach paradiesisch kochen - Dank den ParadiseR-Kochboxen mit abwechslungsreichen Gerichten & einfachen Kochanleitungen. Abo Registrieren Anmelden Gerichte ansehen Über Uns Unsere Story Kontaktiere uns Unsere Reviews Impressum Mehr FAQs © ParadiseR Cooking OG, 2022, designed by Zeta gastro Datenschutzerklärung AGB Kontakt Bekannt aus:"
9,https:  paradiser.at recipe user 33.txt,"https:  paradiser.at recipe user 33.txt. Paradiser-Kochbox 33. Gemüsebolognese Vegetarisch Diese Gemüsebolognese besticht durch ihre Einfachheit. Weniger Arbeit als mit diesem Gericht ist fast nicht möglich. Trotzdem kommen die verschiedenen Nuancen der Zutaten sehr gut zur Geltung. Absolut empfehlenswert und zugleich schonend für dich und deinen Körper! Haltbarkeit: 5 Tage Schongaren Kochanleitung Nährwerte Allergene Zutaten Gemüsemischung im Slow Cooker verteilen Soßenbasis darüber verteilen Gut durchrühren Kochzeit in Stunden einstellen und zugedeckt starten (Single=5.5(L)/2(H), Medium=7(L)/3(H), Family=7(L)/3(H)) Vor dem Ende Nudeln kochen Auf Nudeln servieren und nach belieben mit Parmesan bestreuen Gemüsemischung im Topf verteilen Soßenbasis darüber verteilen Gut durchrühren 20-30 Minuten kochen lassen (bis Gemüse weiche ist) Vor dem Ende Nudeln kochen Auf Nudeln servieren und nach belieben mit Parmesan bestreuen Kalorien: 329 kCal Fett: 3,7 g Kohlenhydrate: 63,5 g Zucker: 16,8 g Protein: 14,7 g Cholesterin: 10,0 mg Sodium: 222,0 mg L - Sellerie G - Milch von Säugetieren A - Gluten Basilikum Tomatenmark Salz Pfeffer Zucker Spaghetti Parmesan Oregano Zucchini Sellerie Zwiebel (weiß) Karotte Lauch Roter Paprika Passierte Tomaten Knoblauchzehen Rezeptbewertungen im Überblick × Sieh dir auch unsere Google Rezesionen an. Bleib' am Laufenden mit unserem Newsletter: Einfach paradiesisch kochen - Dank den ParadiseR-Kochboxen mit abwechslungsreichen Gerichten & einfachen Kochanleitungen. Abo Registrieren Anmelden Gerichte ansehen Über Uns Unsere Story Kontaktiere uns Unsere Reviews Impressum Mehr FAQs © ParadiseR Cooking OG, 2022, designed by Zeta gastro Datenschutzerklärung AGB Kontakt Bekannt aus:"
10,https:  paradiser.at faqs.txt,"https:  paradiser.at faqs.txt. Paradiser-Kochbox Gerichte ansehen Gerichte ansehen Anmelden Anmelden Gerichte ansehen Gerichte ansehen Anmelden Deine Bestellung × Zwischensumme Noch bis Gratisversand! Gesamt (inkl. MwSt) Wird am mit der Post CO2 Neutral geliefert. Zur Kassa Weiter Einkaufen Diese Gerichte bereitest du am Besten mit einem Schongarer zu. So bleiben mehr Nährstoffe erhalten. Aber natürlich kannst du sie auch gerne ganz normal wie gewohnt kochen. Du bekommst die Anleitungen für beide Möglichkeiten! Häufig gestellte Fragen Konzept Wie kann man in unter 5 Minuten frisch kochen? Da wir alles für dich vorbereiten, schneiden, mischen, portionieren! Die Vorbereitungszeit für Dich liegt bei unter 5 Minuten! Die Gerichte selbst kochen sogar sehr lange und schonend im Schongarer, dadurch behalten sie alle Nährstoffe und schmecken besonders intensiv. Wo sind die Unterschiede zu anderen Kochboxen? Paradiser versucht es dem Nutzer so leicht wie möglich zu machen ohne dabei auf Frische und Qualität zu verzichten indem es: Die Zutaten perfekt vorbereitet. Vorgeschnitten und in der richtigen Portionsgröße jedoch nicht einzeln verpackt! Die Vorbereitungszeiten für den Kunden unter 5 Minuten hält, durch die Verwendung eines Schongarers. Die Zutaten möglichst von lokalen Anbietern bezieht. Worin liegen die Vorteile des Slow Cookers? Die Verwendung eines Slow Cookers hat einige Vorteile: Sehr wenig Aufwand notwendig, vor allem da wir die Gerichte für dich vorbereiten. Ideale Garzeiten um ihn morgens zu starten und nach der Arbeit ein warmes Gericht genießen zu können! Er verbraucht weniger Strom als der Backofen, nur etwas mehr als eine Glühbirne. Man kann die Gerichte im Slow Cooker ideal warm halten und auch wieder aufwärmen. Fleischgerichte werden superzart durch die schonende Garung! Nährstoffe bleiben besser erhalten, da die Zutaten schonend gegart werden. Kochen ist unkompliziert. Kein umrühren oder anbrennen. Er benötigt keine ständige Beaufsichtigung. Einfach starten, leben und im richtigen Moment warme Speisen genießen. Ich bin ein Single Haushalt - ist Paradiser auch für mich geeignet? Wir haben für jeden die passende Größe, als Single Haushalt kannst du genauso die Vorzüge unserer modernen Art zu kochen genießen. Hier kannst du dir die verschiedenen Möglichkeiten ansehen! Was ist das ParadiseR Treueprogramm? Sie ist unsere Art Danke zu sagen! Wir bei ParadiseR Cooking sind der Meinung, dass Treue belohnt werden sollte! Du kannst dir auf unterschiedliche Weise ParadiseR-Coins verdienen welche wiederrum auf deine Bestellungen eingelöst werden können. Zum Beispiel durch: Bestellen einer Box Bewerten unserer Rezepte Einladen deiner Freunde Wie kann ich meine ParadiseR-Coins einlösen? Das geht ganz einfach in deinen Einstellungen! Woher bezieht ihr Eure Zutaten? Paradiser versucht möglichst auf lokale und regionale Produkte und Lieferanten zurückzugreifen. An einer Darstellung unserer aktuellen Lieferanten arbeiten wir gerade. Solltest du jedoch einen Vorschlag haben oder genauere Infos benötigen kontaktiere uns gerne! Bestellung Wie funktioniert die Bestellung? Bestellungen werden immer bis Mittwochabend 23:59 Uhr für die darauffolgende Woche entgegen genommen. Bist du bereits ein ParadiseR, und hast bis Mittwochabend noch kein Gericht gewählt, oder pausiert, wählen wir für dich automatisch nach deinen persönlichen Präferenzen. Möchtest du einmal pausieren - kein Problem! Lass uns dies ebenfalls bis spätestens Mittwochabend 23:59 Uhr wissen. Bin ich gebunden, bzw. habe ich irgendwelche Verpflichtungen? Du hast keine Mindestlaufzeit oder irgendwelche Bindungen - völlige Transparenz für alle! Mit ParadiseR erhältst du die maximale Flexibilität! Wähle jede Woche bis zum Stichtag deine Gerichte für die nächste Woche! Pausieren - wie funktionierts? Du bist im Urlaub und möchtest in dieser Woche keine Lieferung von uns erhalten? Kein Problem! Du kannst deine Lieferung ganz einfach wochenweise über deinen Account Mein ParadiseR pausieren. Wie lange sind die Zutaten haltbar? Für jedes Gericht wird eine Mindesthaltbarkeit angegeben. Diese Mindesthaltbarkeit bezieht sich auf die Zutaten im ungekochten Zustand. Wie bei vielen anderen Zutaten aber auch handelt es sich nur um eine Mindesthaltbarkeit, vertrau am besten deiner Nase wenn du Zweifel hast. Lieferung Liefert Paradiser auch zu mir? ParadiseR liefert bereits in einige Bereiche Wiens und Niederösterreich mit einem stetig wachsenden Liefergebiet. Am besten hilfst du uns dabei indem du dich hier registrierst. Solltest du nicht in den aktuellen Lieferradius fallen informieren wir dich sobald du in unseren Lieferbereich fällst! Aktuell arbeiten wir auch an einer Lösung zur Lieferrung mit der Post. Dadurch können wir dein Paradies bald in ganz Österreich verbessern! Muss ich meine Verpackungen nach Erhalt zurück geben? Du bist nicht dazu verpflichtet, deine Verpackungen zu returnieren jedoch freuen wir uns wenn wir gemeinsam die Welt etwas besser machen indem wir Müll und Emissionen sparen. Für das Returnieren deiner Boxen werden wir uns in Zukunft auch mit ein Paar ParadiseR-Coins bedanken. Wann wird geliefert? Aktuell produzieren wir jede Woche Montag, außer dieser Tag sollte, zum Beispiel wegen eines Feiertages, nicht möglich sein. Damit dein Essen möglichst frisch bei dir ist liefern wir dir dein Essen sogar am gleichen Tag noch zu dir nach Hause! Achtung, wir arbeiten gerade an einer Versandmethode mit der Post wodurch sich der Liefertermin etwas verschieben kann. Was passiert wenn ich nicht zuhause bin? Erlaube uns, das wir dir deine Lieferung auch vor deiner Tür oder an einem anderen sicheren, erreichbaren Ort (z.B.: deinem Nachbarn) abstellen dürfen. Dadurch erhältst du maximale Freiheit! Rezeptbewertungen im Überblick × Sieh dir auch unsere Google Rezesionen an. Bleib' am Laufenden mit unserem Newsletter: Einfach paradiesisch kochen - Dank den ParadiseR-Kochboxen mit abwechslungsreichen Gerichten & einfachen Kochanleitungen. Abo Registrieren Anmelden Gerichte ansehen Über Uns Unsere Story Kontaktiere uns Unsere Reviews Impressum Mehr FAQs © ParadiseR Cooking OG, 2022, designed by Zeta gastro Datenschutzerklärung AGB Kontakt Bekannt aus:"
11,https:  paradiser.at recipe user 21.txt,"https:  paradiser.at recipe user 21.txt. Paradiser-Kochbox 21. Butter Chicken Fleischgericht Butter Chicken ist eine beliebte indische Spezialität. Das Hühnerfleisch darf zuerst in einer Marinade aus Joghurt, Limettensaft und Gewürzen köcheln, bis es schließlich auf Reis serviert wird. Haltbarkeit: 3 Tage Schongaren Kochanleitung Nährwerte Allergene Zutaten Hühnerfleischmischung und Gewürzmischung auf dem Boden des Slow Cookers verteilen Kokosmilch hinzufügen (Single= 200ml, Medium=400ml, Family=600ml) Kochzeit in Stunden einstellen und zugedeckt starten (Single=6(L)/3(H), Medium=7(L)/4(H), Family=7(L)/4(H)) Vor dem Ende den Reis kochen (Wassermenge: Single=375 ml, Medium=750 ml, Family=1.1 L) Auf Reis servieren und mit Frühlingszwiebel garnieren Hühnerfleischmischung und Gewürzmischung auf dem Boden eines Topfes verteilen Kokosmilch hinzufügen (Single= 200ml, Medium=400ml, Family=600ml) Zum kochen bringen und 15-20 minuten kochen Separat Reis kochen (Wassermenge: Single=400 ml, Medium=750 ml, Family=1.1 L) Auf Reis servieren und mit Frühlingszwiebel garnieren Kalorien: 780 kCal Fett: 31,8 g Kohlenhydrate: 48,8 g Zucker: 3,5 g Protein: 69,5 g Cholesterin: 185,0 mg Sodium: 347,9 mg G - Milch von Säugetieren Knoblauchzehen Rote Currypaste Tomatenmark Kokosmilch Joguhrt Butter Garam Masala Jungzwiebel Jasminreis Kurkuma Hühnerbrust Chili Pulver Salz Ingwer (gemahlen) Zwiebel (weiß) Currypulver Rezeptbewertungen im Überblick × Sieh dir auch unsere Google Rezesionen an. Bleib' am Laufenden mit unserem Newsletter: Einfach paradiesisch kochen - Dank den ParadiseR-Kochboxen mit abwechslungsreichen Gerichten & einfachen Kochanleitungen. Abo Registrieren Anmelden Gerichte ansehen Über Uns Unsere Story Kontaktiere uns Unsere Reviews Impressum Mehr FAQs © ParadiseR Cooking OG, 2022, designed by Zeta gastro Datenschutzerklärung AGB Kontakt Bekannt aus:"
12,https:  paradiser.at recipe user 35.txt,"https:  paradiser.at recipe user 35.txt. Paradiser-Kochbox 35. Pulled Pork Fleischgericht Pulled Pork ist ein leckeres Barbecue-Gericht aus den Südstaaten der USA. Es wird mit Brötchen und Krautsalat serviert. Ein perfektes Gericht für die ganze Familie. Haltbarkeit: 3 Tage Schongaren Kochanleitung Nährwerte Allergene Zutaten Fleisch und Gewürzmischung im Slow Cooker verteilen Kochzeit in Stunden einstellen und zugedeckt starten (Single=6(L)/2.5(H), Medium=7(L)/3(H), Family=7(L)/3(H)) Nach der Kochzeit Brötchen aufbacken Fleisch entfernen, in mundgerechte Stücke reißen/schneiden, und mit Barbecuesauce vermengen Mit Aufbackbrötchen und Krautsalat genießen Fleisch und Gewürzmischung in einer Ofen tauglichen Schüssel verteilen Bei 150°C 4-6 Stunden kochen, bis das Fleisch auseinander fällt Nach der Kochzeit Brötchen aufbacken Fleisch entfernen, in mundgerechte Stücke reißen/schneiden, und mit Barbecuesauce vermengen Mit Aufbackbrötchen und Krautsalat genießen Kalorien: 916 kCal Fett: 42,7 g Kohlenhydrate: 92,0 g Zucker: 38,2 g Protein: 45,8 g Cholesterin: 151,0 mg Sodium: 2122,0 mg M - Senf G - Milch von Säugetieren C - Eier von Geflügel A - Gluten Schweinskarree Knoblauchgranulat Zwiebel Granulat Pfeffer Salz Brauner Zucker Apfel/birnen Saft Apfelessig Brötchen (zum Fertigbacken) Weissweinessig Mayonnaise Oregano Karotte Weißkohl Milch Zucker Paprikapulver (edelsüß) Bbq Soße Rezeptbewertungen im Überblick × Sieh dir auch unsere Google Rezesionen an. Bleib' am Laufenden mit unserem Newsletter: Einfach paradiesisch kochen - Dank den ParadiseR-Kochboxen mit abwechslungsreichen Gerichten & einfachen Kochanleitungen. Abo Registrieren Anmelden Gerichte ansehen Über Uns Unsere Story Kontaktiere uns Unsere Reviews Impressum Mehr FAQs © ParadiseR Cooking OG, 2022, designed by Zeta gastro Datenschutzerklärung AGB Kontakt Bekannt aus:"
13,https:  paradiser.at agb.txt,"https:  paradiser.at agb.txt. Paradiser-Kochbox Gerichte ansehen Gerichte ansehen Anmelden Anmelden Gerichte ansehen Gerichte ansehen Anmelden Deine Bestellung × Zwischensumme Noch bis Gratisversand! Gesamt (inkl. MwSt) Wird am mit der Post CO2 Neutral geliefert. Zur Kassa Weiter Einkaufen Diese Gerichte bereitest du am Besten mit einem Schongarer zu. So bleiben mehr Nährstoffe erhalten. Aber natürlich kannst du sie auch gerne ganz normal wie gewohnt kochen. Du bekommst die Anleitungen für beide Möglichkeiten! AGB § 1 Geltungsbereich Diese Allgemeinen Geschäftsbedingungen (nachfolgend auch „AGB”) der ParadiseR Cooking OG, Gabrieler Straße 4/4 , 2340 Mödling, Österreich (auch „ParadiseR“, „wir” oder „uns“) finden für Bestellungen und aufgrund dieser Bestellungen erfolgenden Lieferungen an den Kunden (nachfolgend auch „Sie“ oder „Ihnen”) ausschließlich Anwendung. Unsere aktuellen AGB können unter https://www.paradiser.at/agb eingesehen werden. E-Mail: hello@paradiser.at § 2 Vertragsgegenstand Der Gegenstand der vertraglichen Beziehung zwischen ParadiseR und Ihnen ist die wiederkehrende Bereitstellung und Lieferung von Kochboxen, deren Inhalt in etwa Lebensmittel, Zutaten und Rezepte einschließt. Eventuelle Zusatzprodukten (Add-Ons) oder sonstigen Waren sind ebenfalls Gegenstand dieses Vertrages. Da sich das Angebot von ParadiseR an den Endverbraucher in Österreich richtet sind diese Waren nicht zum Wiederverkauf bestimmt und etwaige Bestellungen werden nur in haushaltsüblichen Mengen angenommen. § 3 Änderung der AGB Wir behalten uns das Recht vor, diese AGB mit Wirkung für die Zukunft zu ändern. Diese Änderung kann zu Beispiel durch veränderte Marktgegebenheiten, einer rechtlichen Vorgabe oder einer Anpassung unseres Angebots erfolgen. Sämtliche Änderungen zu diesem Thema werden ihnen in elektronischer Form (zum Beispiel per E-Mail) mindestens 1 Monat im Vorhinein übermittelt und auf das Widerspruchsrecht hingewiesen. Sollten Sie ihr Widerspruchsrecht nicht fristgemäß ausüben und unsere Produkte weiterhin beziehen stimmen Sie den Änderungen dieser AGB zu. Im Falle eines Wiederspruchs behält sich ParadiseR das Recht vor diese Vertragsbeziehung in ordentlicher Form zu kündigen. § 4 Registrierung Eine Registrierung über die Website ist notwendig um die Angebote von ParadiseR nutzen zu können. Bei der Registrierung eines Kundenkontos sind unter anderem eine E-Mail-Adresse und ein selbstgewähltes Passwort anzugeben (wird im folgenden auch als Zugangsdaten bezeichnet). Sie verpflichten sich, eine E-Mail-Adresse zu verwenden, zu deren Nutzung Sie berechtigt sind. Im Lauf des Registrierungsprozesses ergänzen Sie ihr Nutzerkonto zusätzlich mit wahrheitsgemäßen Daten bestehend aus: Vor- und Nachname Liefer- und Rechnungsanschrift Telefonnummer Zahlungsmethode Es wird nicht ausgeschlossen, dass die zum Zeitpunkt der Registrierung verfügbaren Zahlungsmethoden während der Vertragslaufzeit unverändert bleiben, zum Beispiel können weitere Möglichkeiten freigeschalten oder ergänzt werden. Ihre Angaben im Registrierungsprozess müssen aktuell und wahrheitsgemäß sein und sind auch bei Änderung in der Zukunft im Vertragsverhältnis zu ParadiseR aktuell zu halten. Altersbeschränkung ParadiseRs Angebote, einschließlich der Registrierung eines Kundenkontos, richten sich an Personen, die das 18. Lebensjahr vollendet haben. § 5 Keine Weitergabe von Daten Die Zugangsdaten dürfen nicht an Dritte weitergeben werden und müssen für Unberechtigte unzugänglich, sicher verwahrt sein. Das Abhandenkommen bzw. die Kenntnis der Zugangsdaten durch Dritte ist ParadiseR unverzüglich anzuzeigen. Der Kunde haftet nach den gesetzlichen Bestimmungen wegen einer schuldhaft zu vertretenden missbräuchlichen Verwendung seiner Zugangsdaten durch Dritte, z.B. für Bestellungen und die daraus resultierenden Forderungen. § 6 Unverbindliche Angaben Etwaige Angaben zu den Waren und Produkten von ParadiseR sowie deren Preise vor Vertragsschluss sind freibleibend und unverbindlich. § 7 Produktabbildungen Die dargestellten Produktabbildungen müssen nicht immer mit dem tatsächlichen Aussehen der gelieferten Waren übereinstimmen. Zusätzlich kann es z.B. bei Sortimentserneuerungen seitens der Hersteller bzw. Lieferanten zu Veränderungen im Aussehen und in der Ausstattung von Waren kommen. § 8 Austausch einzelner Waren ParadiseR behält sich das Recht vor z.B. wegen besonderer Witterungsverhältnisse und daraus resultierenden fehlenden Waren einzelne Bestandteile der von Ihnen gewählten Gerichte vor der Lieferung auszutauschen. § 9 Vertragsabschluss Ein Vertrag zwischen ParadiseR und dem Kunden kommt zustande, nachdem der Kunde sowohl das Registrationwformular wie auch das Bezahlformular vollständig und wahrheitsgemäß ausgefüllt hat. Im Laufe des Bestellprozesses spezifizieren Sie die gewünschte Konfiguration (Anzahl verschiedener Gerichte und Anzahl an Portionen) ihrer Kochbox. Durch das Anklicken des Buttons ""Abonnieren"" geben sie ein verbindliches Angebot zum wöchentlichen Bezug der ausgewählten Kochbox und des zugrundeliegenden Abonnementsvertrags (vgl. auch § 11 - 14 dieser AGB) ab. Die Bestätigung des Eingangs Ihrer Bestellung erfolgt durch eine automatisierte E-Mail von ParadiseR. Diese Bestellbestätigung stellt noch keine Annahmeerklärung durch ParadiseR dar. ParadiseR kann das Angebot entweder durch Zusendung einer verbindlichen Annahmeerklärung oder Zusendung der bestellten Waren annehmen. Erst nach dieser Annahmeerklärung entsteht ein Anspruch auf Lieferung der Waren. ParadiseR behält sich das Recht vor, vor diesem Zeitpunkt die Annahme des Angebots ohne Angabe von Gründen abzulehnen. Die Darstellung etwaiger Waren oder Preise auf der Website stellt kein rechtlich bindendes Angebot dar sondern einen unverbindlichen Online Katalog, der über die Möglichkeit zur Abgabe eines Angebots informiert. § 10 Hinweis auf das gesetzliche Widerrufsrecht für Verbraucher In den Kochboxen und Add-Ons von ParadiseR befinden sich schnell verderbliche Waren bzw. Waren und Zutaten deren Verfallsdatum schnell überschritten wird. Aus diesem Grund steht dem Kunden kein Widerrufsrecht zu (§ 312g Abs. 2 Nr. 2 BGB). § 11 Vertragslaufzeit Der mit ParadiseR abgeschlossene Vertrag wird auf unbestimmte Zeit abgeschlossen und behandelt die wiederholende Bereitstellung und Lieferung von Kochboxen. In besonderen Fällen in denen ein Vertrag nicht auf unbestimmte Zeit abgeschlossen wird, wird bei diesem Produkt speziell darauf hingewiesen, dies können zukünftig etwaige Sonderangebote, Schnupperpakete oder einmalige Add-Ons sein. Bei einem Vertrag mit fester Laufzeit oder einmaligen Zahlungen wie etwa der Bereitstellung des Schongarers endet der Vertrag nach der Zusendung der vereinbarten Lieferung oder nach Ablauf der vereinbarten Laufzeit und es bedarf keiner gesonderten Kündigung. § 12 Änderungen am Vertrag Der Abonnementvertrag kann von Ihnen oder ParadiseR zu jeder neuen Woche bis einschließlich Mittwoch vorgenommen werden. Vertragsänderungen z.B. Kündigungen oder etwa Änderungen der Boxgröße die bis Mittwoch 22:00 MEZ Uhr einlangen werden sofort berücksichtigt und der Vertrag wird lediglich bis zum vereinbarten Ende weiter fortgesetzt. Bei einer Kündigung nach Mittwoch 22:00 Uhr MEZ wird die Kündigung erst mit der darauffolgenden Woche wirksam und mindestens eine weitere aktive Woche ausgelöst. Eine aktive Woche in diesem Kontext kann entweder pausiert (siehe §15) sein oder eine Bestellung ausgelöst haben. Eine Abweichung von dieser Regel kann in seltenen Fällen, beispielsweise feiertagsbedingt, erfolgen und wird durch ParadiseR kommuniziert. § 13 Vertragsumfang Der Umfang ihres Vertrags richtet sich nach Ihren Angaben im Kundenkonto. Also nach der individuell gewünschten Zusammensetzung der Kochboxen, die sowohl nach der Ihrer persönlichen Präferenz entsprechenden Portionsanzahl und Anzahl an unterschiedlichen Rezepten. Wöchentlich wählen sie aus mehreren Gerichten eine Anzahl von Gerichten aus die ihrer persönlichen Präferenz entspricht. Dabei kommen die gleichen Uhrzeiten zum Tragen wie in §12 beschrieben. Eine Auswahl der Gerichte für die kommende Woche ist also wöchentlich bis Mittwoch 22:00 Uhr MEZ möglich. Treffen sie keine Menüauswahl für die genannte Woche wählt ParadiseR nach ihren Präferenzen passende Gerichte aus. Sie erhalten also eine Kochbox auf der Grundlagen ihrer grundsätzlichen Einstellungen und Präferenzen sofern sie die Gerichtsauswahl nicht selbst vorgenommen haben oder wie in §15 beschrieben für diese Woche pausiert haben. Add Ons Es ist außerdem möglich unter Berücksichtigung der in §12 und §13 beschriebenen Fristen etwaige einmalige Zusatzprodukte zu bestellen. Diese Zusatzprodukte werden mit der nächsten automatischen Abrechnung verrechnet und beinhalten z.B. eine zusätzliche Beilage oder etwa ein zusätzliches Dessert. § 14 Vertragskündigug Wie in §12 beschrieben unterliegt die Kündigung bestimmten zeitlichen Fristen sollten diese Fristen nicht eingehalten werden wird die Kündigung erst nach der Lieferung der nächsten Kochbox wirksam. Die Kündigung erfolgt unter dem Menüpunkt Mein Profil. Im Fall einer Kündigung werden bereits bezahlte Kochboxen deren Produktion und Auslieferung noch nicht initiiert wurde, zum Beispiel weil diese Boxen mehr als 1 Woche in der Zukunft ausgeliefert werden, werden nicht zurückerstattet, der Kunde kann dabei selbst wählen ob diese noch offenen Boxen ausgeliefert werden sollen oder die Auslieferungen ohne Rückerstattung des Geldes storniert werden sollen. In Fällen in denen zukünftige Kochboxen /Bestellungen nur Teilweise bezahlt sind kann sich der Kunde entscheiden den notwendigen Restbetrag zu überweisen, falls er dies tut wird dem Kunden diese Kochbox normal ausgelifert. Falls nicht verfällt der noch vorhandene Geldbetrag, und wird nicht zurückerstattet. § 15 Pausierung Sie können die Lieferung einer Kochbox aussetzen indem sie vor der jeweiligen Bestellfrist (§12) über das Kundenkonto ""Woche Pausieren"" ausgewählt haben. Diese Pausierung zählt jeweils nur für den gewählten Zeitraum und ist für jede Kalenderwoche, und somit jedes wöchentliche Lieferdatum, gesondert vorzunehmen. § 16 Pfand & Pfandrückgabe ParadiseR setzt bei der Lieferung der Kochboxen auf wiederverwendbare Pfandgefäße. Der Kunde verpflichtet sich dazu die Pfandgefäße der Vorwoche bei jeder wöchentlichen Bestellung wieder vollständig und spülmaschinensauber an den Lieferranten zu übergeben. Sollte der Kunde nicht anzutreffen sein oder eine Rückgabe der Pfandgefäße nicht möglich sein, bzw.nur teilweise erfolgen, behält sich ParadiseR das Recht vor diese Pfandgefäße in Rechnung zu stellen. Der Kunde verpflichtet sich außerdem dazu die Pfandgefäße nach der Kündigung seine Abonementes zu retournieren. Dies kann über den Postweg erfolgen oder durch die direkte Abgabe bei einer Dienststelle zu den ausgeschriebenen Öffnungszeiten. Die verfügbaren Dienstellen und deren Öffnungszeiten werden dem Kunden durch die ParadiseR Cooking OG mitgeteilt. Sollten die Pfandgefäße nicht oder nicht vollständig innerhalb von 14 Tagen nach Kündigung zurück bei der ParadiseR Cooking OG eingelant sein, wird dem Kunden eine Rechnung ausgestellt. Die Höhe dieser Rechnung setzt sich aus den fehlenden oder beschädigten Boxen und einer Bearbeitungsgebühr zusammen. § 17 Lieferung ParadiseR liefert Bestellungen nur an zustellfähige Adressen in Österreich. Eine Lieferung an automatisierte Paket- bzw. Packstationen erfolgt nicht. Die Lieferung der von uns vorausgewählten Waren in einer Kochbox wird nur an die vom Kunden hinterlegten Adressen geliefert. In Spezialfällen besteht die Möglichkeit, in Abstimmung mit dem Kundensupport, einen alternativen Lieferort zu vereinbaren solange sich dieser Ort ebenfalls im Lieferradius von ParadiseR befindet. Sie stellen sicher, dass die Lieferung persönlich an dem von Ihnen gewählten Liefertermin und Lieferort übergeben werden kann. Liefertag und Lieferzeitpunkt können im Kundenkonto unter Ihren Präferenzen flexibel, unter Einhaltung der jeweiligen Firsten wie in §12 beschrieben, durch Sie geändert werden. Bei der Übergabe der neuen Kochbox werden die Pfandgefäße der vorhergehenden Woche vom Lieferranten wieder mitgenommen wie in §16 beschrieben. Wenn die persönliche Übergabe der Ware nicht möglich ist kann der Kunde eine Zustellung an den Nachbarn, über die vorgesehenen Kanäle, für zulässig erklären. Dazu müssen Sie uns ausdrücklich dazu ermächtigen. Ein Nachbar in diesem Kontext ist ein Haushalt oder ein Wohneinheit in unmittelbarer Laufweite, wie zum Beispiel im selben Wohnkomplex, gegenüberliegende Häuser oder auch Nachbarhäuser. Sollte die Lieferung an einen benachbarten Haushalt erfolgen stellen Sie sicher, dass auch die Pfandgefäße der vorherigen Lieferungen beim Nachbarn hinterlegt worden sind und unsere Lieferranten diese Pfandgefäße wieder mitnehmen können. Sofern Sie eine Abstellgenehmigung erteilt haben, kann der Vertrag auch durch Abstellen der Waren an dem von Ihnen bestimmten Ort der Lieferadresse, der für den ausliefernden Fahrer zugänglich ist, erfüllt werden. In diesem Fall tragen Sie dafür Sorge, den Abstellort so genau wie möglich zu bestimmen. Etwaige Unklarheiten bei der Angabe des Abstellortes gehen zu Lasten des Kunden. ParadiseR obliegt keine Prüfpflicht hinsichtlich der Eignung des vom Kunden angegebenen Abstellortes. An diesem Abstellort können die Pfandgefäße der Vorwoche ebenfalls abgestellt werden. In diesem Fall werden sie von unserem Lieferranten wieder mitgenommen. In diesem Fall trägt ParadiseR keine Verantwortung für ein Verschwinden oder nicht auffinden der jeweiligen Pfandgefäße der Vorwoche und Sie müssen im Falle des Verschwindens den Pfand erneut entrichten. Durch die Zustellung an einen benachbarten Haushalt oder Betrieb oder die weisungsgemäße Abstellung am angegebenen Ort der Lieferadresse geht das Risiko für den Verlust und/oder Beschädigung der Waren auf den Kunden über, soweit der Kunde zu der genannten Zu- bzw. Abstellung für den Einzelfall oder dauerhaft ausdrücklich ermächtigt hat und die Lieferung der Waren innerhalb des vom Kunden bestimmten Liefertages und Lieferzeitfensters erfolgt ist. Sollte keine der oben genannten Möglichkeiten zur Lieferung gestattet oder möglich sein und der Kunde ist im vereinbarten Liefertag und Lieferzeitfenster nicht anzutreffen gerät der Kunde in Annahmeverzug. Für die Folgen des Annahmeverzugs gelten die gesetzlichen Vorschriften. ParadiseR ist darüber hinaus nicht dazu verpflichtet einen erneuten Zustellversuch zu unternehmen. § 18 Eigentumsvorbehalt Sind die Waren im Moment der Übergabe (§15) nicht oder nicht vollständig bezahlt, behält sich ParadiseR das Eigentum bis zur vollständigen Zahlung des Kaufpreises vor. § 19 Gewährleistung Es gilt die gesetzliche Gewährleistung. § 20 Preise Die angegebenen Preise verstehen sich nach der jeweils gültigen Umsatzsteuer, soweit nicht anders vereinbart auch inklusive Versandkosten innerhalb Österreichs und des aktuellen Liefergebietes. ParadiseR behält sich das Recht vor Preisanpassungen auch während der Laufzeit eines Abonnements vorzunehmen. Diese Änderungen können verschiedenste Gründe haben z.B. Änderungen von Material oder Produktionskosten, Veränderungen im Steuersatz, Veränderungen der Lieferkosten, einschließlich aller damit verbundener Dienstleistungen und Dienstleistungskosten zur Aufrechterhaltung des Abonnementvertrages (Bereitstellung der IT-Infrastruktur, Personal, Vertrieb, Marketing oder ähnliches). Über etwaige Preisanpassungen werden Sie schriftlich, beispielsweise per E-Mail informiert. Davon unberührt bleibt Ihr Recht zur Vertragskündigung $14 dieser AGB weiterhin bestehen. Die entstehenden Forderungen von ParadiseR sind sofort fällig. § 21 Zahlungsmethode & Belastung Sie können mit jeder beliebigen zur Verfügung gestellten Zahlungsmethode bezahlen. Während der gesamten Vertragslaufzeit haben Sie sicherzustellen, dass die Angaben der gewählten Zahlungsmethode korrekt und aktuell sind. Jeweilige Änderungen an der Zahlungsmethode haben sie in Ihrem Kundenkonto unverzüglich mitzuteilen. Während der Vertragslaufzeit wird die von Ihnen gewählte Zahlungsmethode vor jedem wöchtentlichen Versand der Waren unmittelbar belastet, sofern die Bestellung nicht Pausiert ist. Aufgrund von Rabattierungen (zum Beispiel durch ein steigendes Level der ParadiseR Treuestufe) kann es zu wechselnden Abbuchungsbeträgen kommen. Sie haben sicherzustellen, dass Sie zur Nutzung der angegebenen Zahlungsmethode während der Vertragslaufzeit berechtigt sind und über ausreichende Deckung verfügen, sodass die Zahlung vorgenommen werden kann. Die Belastung der Zahlungsmethode kann aus technischen Gründen für Sie erst einige Tage später als der tatsächliche Abbuchungszeitpunkt sichtbar werden. Im Falle eine Fehlgeschlagenen Zahlung kann ParadiseR versuchen, die Zahlung zu einem späteren Zeitpunkt erneut einzuziehen. § 22 Zahlungsverzug Sollte der Zahlungseinzug scheitern, z.B. wegen unzureichender Deckung, falsche oder ungültiger Daten oder eines Widerspruchs ist der Kunde verpflichtet für die Behebung dieser Zahlungsstörung zu sorgen. Zusätzlich zu dem ausstehenden Betrag gegebenenfalls angefallenen Bankgebühren sowie etwaige Mahnkosten müssen ebenfalls durch den Kunden beglichen werden. Dem Kunden wird der Nachweis gestattet, dass ParadiseR kein oder ein geringer Schaden entstanden ist. Sollte der Kunde auch nach mehrmaliger Zahlungsaufforderung den ausstehenden Betrag nicht beglichen haben, können die erforderlichen Daten an ein von ParadiseR beauftragtes Inkassounternehmen weitergegeben werden. § 23 Haftung ParadiseR haftet im Fall von Schäden für den/des Kunden. aus der Verletzung des Lebens, des Körpers oder der Gesundheit, die durch eine Pflichtverletzung von ParadiseR oder eines seiner gesetzlichen Vertreter oder Erfüllungsgehilfen entstanden sind nach dem Produkthaftungsgesetz aus der Übernahme einer Garantie oder wegen arglistiger Täuschung; wenn ParadiseR oder seine gesetzlichen Vertreter oder Erfüllungsgehilfen den Schaden vorsätzlich oder grob fahrlässig herbeigeführt haben; oder wenn der Schaden durch die Verletzung einer Verpflichtung von ParadiseR entstanden ist, deren Erfüllung die ordnungsgemäße Durchführung des Vertrages überhaupt erst ermöglicht und auf deren Einhaltung der Kunde regelmäßig vertraut und vertrauen darf (Kardinalpflicht). ParadiseR haftet in den Fällen des vorgenannten Absatzes Punkte 1-4 der Höhe nach unbegrenzt. In allen übrigen Fällen ist der Schadensersatzanspruch auf den vorhersehbaren vertragstypischen Schaden begrenzt. In anderen Fällen als im oberen Absatz erläutert ist ParadiseR unabhängig vom Rechtsgrund ausgeschlossen. Diese Haftungsregelungen gelten auch für eine persönliche Haftung der Organe und Mitarbeiter von ParadiseR. § 24 Warnhinweise Der Kunde verpflichtet sich alle Warnhinweise auf allen Waren und Produkten vor der Verwendung sorgfältig zu lesen und zu beachten. Diese Produkt-, Warn- und Verzehrhinweise können sich auf dem Produkt wie auch auf der Website zu den jeweiligen Produkten befinden. § 25 Datenschutz ParadiseR verarbeitet personenbezogene Daten nach dem geltenden Datenschutzrecht, u.a. der Datenschutz-Grundverordnung (DSGVO). Etwaige personenbezogene Daten die im Laufe des Bestellprozesses vom Kunden angegeben werden verarbeiten wir um unsere vertragliche Pflicht mit Ihnen erfüllen zu können. Es ist zum Beispiel notwendig eine Lieferadresse zu verarbeiten um eine Lieferung durchführen zu können. Personenbezogene Daten werden, sofern nicht zur Vertragserfüllung notwendig, nicht an Dritte weitergegeben. Weitere Informationen zum Datenschutz oder zu unseren Datenverarbeitung findest du hier: Datenschutzerklärung. § 26 ParadiseR - Werbung Die von Ihnen angegebene E-Mail-Adresse die unter ""Mein Profil"" bearbeitet werden kann von ParadiseR verwendet werden um Ihnen etwaige Änderungen im Vertrag oder neue Produktangebote von ParadiseR zukommen zu lassen. Die angegebene E-Mail Adresse wird allerdings nicht an Dritte weitergegeben! Rezeptbewertungen im Überblick × Sieh dir auch unsere Google Rezesionen an. Bleib' am Laufenden mit unserem Newsletter: Einfach paradiesisch kochen - Dank den ParadiseR-Kochboxen mit abwechslungsreichen Gerichten & einfachen Kochanleitungen. Abo Registrieren Anmelden Gerichte ansehen Über Uns Unsere Story Kontaktiere uns Unsere Reviews Impressum Mehr FAQs © ParadiseR Cooking OG, 2022, designed by Zeta gastro Datenschutzerklärung AGB Kontakt Bekannt aus:"
14,https:  paradiser.at recipe user 45.txt,"https:  paradiser.at recipe user 45.txt. Paradiser-Kochbox 45. Parmesan-Hühnchen Fleischgericht Diese Pasta ist simpel und gerade darum so gut. Das Huhn verleiht dem Gericht eine spannende Struktur und schafft somit ein besonderes Geschmackserlebnis. Haltbarkeit: 3 Tage Schongaren Kochanleitung Nährwerte Allergene Zutaten Hühnerfleisch und Soßenmischung im Slow Cooker verteilen Kochzeit in Stunden einstellen und zugedeckt starten (Single=6(L)/2.5(H), Medium=7(L)/3.5(H), Family=7(L)/3.5(H)) Vor dem Ende die Nudeln kochen Während die Nudeln kochen die Hähnchenstücke in mundgerechte Stücke reißen (am besten mit 2 Gabeln) Die Nudeln abtropfen lassen und im Slow Cooker wieder mit dem Huhn und der Soße vermischen. Eine gerade Oberfläche formen und Käsemischung darauf verteilen weitere 15 Minuten garen lassen - bis der Käse geschmolzen ist. Genießen Hühnerfleisch und Soßenmischung auf einem Backbleck verteilen Im Ofen 20-25 Minuten kochen (230C) Vor dem Ende die Nudeln kochen Während die Nudeln kochen die Hähnchenstücke in mundgerechte Stücke reißen (am besten mit 2 Gabeln) Die Nudeln abtropfen lassen und auf dem Backblech wieder mit dem Huhn und der Soße vermischen. Eine gerade Oberfläche formen und Käsemischung darauf verteilen weitere 5 Minuten in Ofen kochen - bis der Käse geschmolzen ist. Genießen Kalorien: 768 kCal Fett: 16,8 g Kohlenhydrate: 95,2 g Zucker: 4,7 g Protein: 52,3 g Cholesterin: 126,0 mg Sodium: 411,0 mg L - Sellerie G - Milch von Säugetieren A - Gluten Salz Pfeffer Penne Geriebener Käse Parmesan Oregano Tomatensauce (p) Hühnerbrust Vegeta Basilikum Rezeptbewertungen im Überblick × Sieh dir auch unsere Google Rezesionen an. Bleib' am Laufenden mit unserem Newsletter: Einfach paradiesisch kochen - Dank den ParadiseR-Kochboxen mit abwechslungsreichen Gerichten & einfachen Kochanleitungen. Abo Registrieren Anmelden Gerichte ansehen Über Uns Unsere Story Kontaktiere uns Unsere Reviews Impressum Mehr FAQs © ParadiseR Cooking OG, 2022, designed by Zeta gastro Datenschutzerklärung AGB Kontakt Bekannt aus:"
15,https:  paradiser.at abo index.txt,"https:  paradiser.at abo index.txt. Paradiser-Kochbox Gerichte ansehen Gerichte ansehen Anmelden Anmelden Gerichte ansehen Gerichte ansehen Anmelden Deine Bestellung × Zwischensumme Noch bis Gratisversand! Gesamt (inkl. MwSt) Wird am 09.05.2023 mit der Post CO2 Neutral geliefert. Zur Kassa Weiter Einkaufen Diese Gerichte bereitest du am Besten mit einem Schongarer zu. So bleiben mehr Nährstoffe erhalten. Aber natürlich kannst du sie auch gerne ganz normal wie gewohnt kochen. Du bekommst die Anleitungen für beide Möglichkeiten! Next Week Special: Pulled Pork Paradiesisch einfach kochen. Frisch und abwechslungsreich. 205 Review(s) Single Medium Family 6 Mahlzeiten für 10,33€ pro Teller Preis pro Box: 66,0€ 3 Gerichte zu je 2 Portionen /pro Woche Details + Damit das Kochen auch wirklich paradiesisch einfach ist, empfehlen wir dir den Kauf eines Slow Cookers. Alle unsere Rezepte können jedoch auch ohne einen solchen gekocht werden. Das Abo ist Ganz ohne Bindung! Weil wir sicher sind, dass du vom der ParadiseR-Kochbox begeistert sein wirst. Du kannst auch die Größe deine Kochbox für die nächsten Bestellungen immer wieder anpassen und flexibel pausieren und kündigen. Paradiesisch einfach eben! Lieferung + Du erhältst deine erste Lieferung am 09.05.2023. Damit nicht nur deine Gesundheit, sondern auch die Umwelt geschont wird, liefern wir CO2-neutral. Jetzt kannst du überall in Österreich auf den Geschmack deiner ParadiseR-Kochbox kommen! Abo jederzeit kündbar Jetzt bestellen 8 Mahlzeiten für 8,25€ pro Teller Preis pro Box: 70,0€ 2 Gerichte zu je 4 Portionen /pro Woche Details + Damit das Kochen auch wirklich paradiesisch einfach ist, empfehlen wir dir den Kauf eines Slow Cookers. Alle unsere Rezepte können jedoch auch ohne einen solchen gekocht werden. Das Abo ist Ganz ohne Bindung! Weil wir sicher sind, dass du vom der ParadiseR-Kochbox begeistert sein wirst. Du kannst auch die Größe deine Kochbox für die nächsten Bestellungen immer wieder anpassen und flexibel pausieren und kündigen. Paradiesisch einfach eben! Lieferung + Du erhältst deine erste Lieferung am 09.05.2023. Damit nicht nur deine Gesundheit, sondern auch die Umwelt geschont wird, liefern wir CO2-neutral. Jetzt kannst du überall in Österreich auf den Geschmack deiner ParadiseR-Kochbox kommen! Abo jederzeit kündbar Jetzt bestellen 12 Mahlzeiten für 7,25€ pro Teller Preis pro Box: 91,0€ 2 Gerichte zu je 6 Portionen /pro Woche Details + Damit das Kochen auch wirklich paradiesisch einfach ist, empfehlen wir dir den Kauf eines Slow Cookers. Alle unsere Rezepte können jedoch auch ohne einen solchen gekocht werden. Das Abo ist Ganz ohne Bindung! Weil wir sicher sind, dass du vom der ParadiseR-Kochbox begeistert sein wirst. Du kannst auch die Größe deine Kochbox für die nächsten Bestellungen immer wieder anpassen und flexibel pausieren und kündigen. Paradiesisch einfach eben! Lieferung + Du erhältst deine erste Lieferung am 09.05.2023. Damit nicht nur deine Gesundheit, sondern auch die Umwelt geschont wird, liefern wir CO2-neutral. Jetzt kannst du überall in Österreich auf den Geschmack deiner ParadiseR-Kochbox kommen! Abo jederzeit kündbar Jetzt bestellen „Paradiesisch einfach kochen. Einfach paradiesisch kochen. Das wollen wir dir mit der ParadiseR-Kochbox ermöglichen. Alles, was du dafür brauchst, bringen wir dir frisch an die Haustür.“ Daniel & Juan (Gründer von ParadiseR - der Kochbox aus Österreich) Wie funktioniert's? 1. Wähle deine Gerichte aus Einmal die Woche suchst du dir aus unserer abwechslungsreichen Auswahl deine Lieblingsgerichte aus. 2. Erhalte deine Lieferung Zum gewählten Lieferzeitpunkt erhältst du deine paradiesische Kochbox - gefüllt mit frischen Zutaten & kinderleichten Kochanleitungen. 3. Starte den Schongarer Du gibst die frischen Zutaten rein und stellst die gewünschte Zeit ein - und voilà - in weniger als 5 Minuten ist alles erledigt. 4. Genieße & Entspanne Alles, was du dann noch tun musst: Frisch gekocht schmausen, wann immer es dir passt! Wöchentlich direkt zu dir geliefert Jederzeit pausierbar/kündbar Freie Rezeptauswahl Gerichte ansehen Warum ParadiseR? Schonend & Stressfrei Unsere ParadiseR-Kochexperten versorgen dich mit köstlichen und frischen Rezepten, die sicher gelingen! Das Schongaren mit Niedrigtemperaturen sorgt dafür, dass Nährstoffe erhalten bleiben und benötigt kaum Fett. Einfach & Schnell Dank unsere praktischen Kochanleitungen und vorportionierten, frischen Zutaten gelingt dir das Kochen (auch ohne Kocherfahrung) in unter 5 Minuten - Versprochen! Frisch & Heimisch Vom Feld in die Box: Unsere Zutaten werden immer sofort frisch verarbeitet und mit Liebe von unserem Kochteam in unserer österreichischen Küche vorbereitet. Nachhaltig & möglichst lokal Durch den Einsatz möglichst lokaler und saisonaler Produkte, schonen wir die Umwelt und unterstützen die lokalen Geschäfts- und Landwirtschaftsbetriebe. Wir schauen, dass unser Paradies ein Paradies bleibt! Gerichte ansehen Jede Woche neue und frische Gerichte Als ParadiseR wird abwechslungsreiches & ausgewogenes Kochen zum Kinderspiel! BBQ Hühnchen-Quinoa-Bowl Diese Bowl ist für alle BBQ Fans, die sich trotzdem bewusst ernähren wollen. Die Zutaten verbinden sich zu einem geschmacklichen Erlebnis. Diese leicht rauchige Bowl ist wirklich für jedermann und jederfrau. Fleisch Rote Linsen-Dahl Dieses schmackhafte Dahl, das sich durch seine rote Farbe auszeichnet, ist ein veganes und proteinreiches Gericht, das man unbedingt probieren muss. Exotisch Vegetarisch Hühnchen-Tortilla-Suppe Tortilla-Suppe ist eine mexikanisch inspirierte Suppe auf der Basis von Tomaten und Hühnchen. Mit ihren Bohnen und der herzhaften Würze ist sie die ideale Abwechslung zur traditionellen österreichischen Küche. Sie wird langsam gekocht und dann mit knusprigen Tortillastreifen serviert. Exotisch Fleisch Teriyaki-Hühnchen Der japanische Klassiker ist mittlerweile nicht nur in Japan beliebt. Auch in Europa hat dieses Gericht die Massen überzeugt. Die Soße auf Sojasoßenbasis hat einen unverwechselbaren Geschmack. Exotisch Fleisch Italienischer Auflauf Ein lebhaftes Gericht, das sommerliche Zucchini, Tomaten und Auberginen mit Brot und Mozzarella schichtet - unwiderstehlich! Vegetarisch Pulled Pork Pulled Pork ist ein leckeres Barbecue-Gericht aus den Südstaaten der USA. Es wird mit Brötchen und Krautsalat serviert. Ein perfektes Gericht für die ganze Familie. Fleisch Gefüllte Paprika Die mit Faschiertem gefüllten Paprika sind so wie in Österreich auch in vielen anderen Ländern beliebt. Durch die klassische Kombination von Faschiertem und Tomatensoße versinnbildlicht sie einen bekannten Geschmack mit modernem Twist, der auch bei Kindern gut ankommt. Dieses Gericht ist besonders einfach in der Vorbereitung und überzeugt durch seinen voluminösen Geschmack. Klassisch Fleisch Ratatouille Der geschmorte Gemüseeintopf gehört zu den Klassikern der provenzialischen Gerichte. Diese gesunde und leichte Speise lässt sich ideal integrieren und bietet eine gute Abwechslung zur klassischen österreichischen Kost. Vegetarisch BBQ Burger Burger gehen einfach immer! Durch die Zubereitung im Slow Cooker sind diese Burger allerdings etwas anders. Lange Garzeiten der Soße führen dazu, dass das Fleisch den Geschmack völlig annimmt. Außerdem sind diese Burger traditionell völlig durchgegart, was ihnen ebenso einen besonderen Touch verleiht. Die saftige Avocadocreme ist nur die Krönung! Klassisch Fleisch Quiche mit Speck und Gemüse Diese Quiche ist vollgepackt mit Speck, Käse und einer menge Gemüse! Sie ist ein fabelhaftes Rezept für die ganze Familie. Klassisch Mehr Gerichte entdecken Next Week Special: Pulled Pork Paradiesisch einfach kochen. Frisch und abwechslungsreich. 205 Review(s) Single Medium Family 6 Mahlzeiten für 10,33€ pro Teller Preis pro Box: 66,0€ 3 Gerichte zu je 2 Portionen /pro Woche Details + Damit das Kochen auch wirklich paradiesisch einfach ist, empfehlen wir dir den Kauf eines Slow Cookers. Alle unsere Rezepte können jedoch auch ohne einen solchen gekocht werden. Das Abo ist Ganz ohne Bindung! Weil wir sicher sind, dass du vom der ParadiseR-Kochbox begeistert sein wirst. Du kannst auch die Größe deine Kochbox für die nächsten Bestellungen immer wieder anpassen und flexibel pausieren und kündigen. Paradiesisch einfach eben! Lieferung + Du erhältst deine erste Lieferung am 09.05.2023. Damit nicht nur deine Gesundheit, sondern auch die Umwelt geschont wird, liefern wir CO2-neutral. Jetzt kannst du überall in Österreich auf den Geschmack deiner ParadiseR-Kochbox kommen! Abo jederzeit kündbar Jetzt bestellen 8 Mahlzeiten für 8,25€ pro Teller Preis pro Box: 70,0€ 2 Gerichte zu je 4 Portionen /pro Woche Details + Damit das Kochen auch wirklich paradiesisch einfach ist, empfehlen wir dir den Kauf eines Slow Cookers. Alle unsere Rezepte können jedoch auch ohne einen solchen gekocht werden. Das Abo ist Ganz ohne Bindung! Weil wir sicher sind, dass du vom der ParadiseR-Kochbox begeistert sein wirst. Du kannst auch die Größe deine Kochbox für die nächsten Bestellungen immer wieder anpassen und flexibel pausieren und kündigen. Paradiesisch einfach eben! Lieferung + Du erhältst deine erste Lieferung am 09.05.2023. Damit nicht nur deine Gesundheit, sondern auch die Umwelt geschont wird, liefern wir CO2-neutral. Jetzt kannst du überall in Österreich auf den Geschmack deiner ParadiseR-Kochbox kommen! Abo jederzeit kündbar Jetzt bestellen 12 Mahlzeiten für 7,25€ pro Teller Preis pro Box: 91,0€ 2 Gerichte zu je 6 Portionen /pro Woche Details + Damit das Kochen auch wirklich paradiesisch einfach ist, empfehlen wir dir den Kauf eines Slow Cookers. Alle unsere Rezepte können jedoch auch ohne einen solchen gekocht werden. Das Abo ist Ganz ohne Bindung! Weil wir sicher sind, dass du vom der ParadiseR-Kochbox begeistert sein wirst. Du kannst auch die Größe deine Kochbox für die nächsten Bestellungen immer wieder anpassen und flexibel pausieren und kündigen. Paradiesisch einfach eben! Lieferung + Du erhältst deine erste Lieferung am 09.05.2023. Damit nicht nur deine Gesundheit, sondern auch die Umwelt geschont wird, liefern wir CO2-neutral. Jetzt kannst du überall in Österreich auf den Geschmack deiner ParadiseR-Kochbox kommen! Abo jederzeit kündbar Jetzt bestellen Rezeptbewertungen im Überblick × 5 67% 4 22% 3 8% 2 0% 1 0% Sieh dir auch unsere Google Rezesionen an. Bleib' am Laufenden mit unserem Newsletter: Einfach paradiesisch kochen - Dank den ParadiseR-Kochboxen mit abwechslungsreichen Gerichten & einfachen Kochanleitungen. Abo Registrieren Anmelden Gerichte ansehen Über Uns Unsere Story Kontaktiere uns Unsere Reviews Impressum Mehr FAQs © ParadiseR Cooking OG, 2022, designed by Zeta gastro Datenschutzerklärung AGB Kontakt Bekannt aus: ... ... × ... Abbrechen Zur Bezahlung Rezeptbewertungen im Überblick × 5 67% 4 22% 3 8% 2 0% 1 0% Sieh dir auch unsere Google Rezesionen an."
16,https:  paradiser.at recipe user 68.txt,"https:  paradiser.at recipe user 68.txt. Paradiser-Kochbox 68. Weiß-grünes Spargelrisotto Vegetarisch Dieses Spargelrisotto mit weißem und grünem Spargel ist nicht nur super cremig, sondern auch reich an Geschmack. Haltbarkeit: 5 Tage Schongaren Kochanleitung Nährwerte Allergene Zutaten Mit der Hauptmischung im Schongarer starten Wasser hinzufügen (Single=0.5 L, Medium=1 L, Family=1.5 L) Reis hinzufügen und gut durchmischen Zugedeckt auf Low 2 1/2 h Kochen lassen oder bis zur gewünschten Konsistenz kochen Mit Parmesan garniert genießen Mit der Hauptmischung in einem geeigneten Topf starten Wasser hinzufügen (Single=0.5 L, Medium=1 L, Family=1.5 L) Reis hinzufügen und gut durchmischen Zugedeckt einmal aufkochen lassen und dann bei niedriger Hitze etwa 30 Minuten köcheln lassen bis zur gewünschten Konsistenz kochen Mit Parmesan garniert genießen Kalorien: 655 kCal Fett: 23,1 g Kohlenhydrate: 91,5 g Zucker: 4,4 g Protein: 18,8 g Cholesterin: 61,0 mg Sodium: 489,0 mg L - Sellerie G - Milch von Säugetieren A - Gluten Zwiebel (weiß) Spargel (grün) Gemüsebrühe Weißwein Parmesan Risotto Reis Butter Spargel (weiß) Rezeptbewertungen im Überblick × Sieh dir auch unsere Google Rezesionen an. Bleib' am Laufenden mit unserem Newsletter: Einfach paradiesisch kochen - Dank den ParadiseR-Kochboxen mit abwechslungsreichen Gerichten & einfachen Kochanleitungen. Abo Registrieren Anmelden Gerichte ansehen Über Uns Unsere Story Kontaktiere uns Unsere Reviews Impressum Mehr FAQs © ParadiseR Cooking OG, 2022, designed by Zeta gastro Datenschutzerklärung AGB Kontakt Bekannt aus:"
